model,accuracy,precision_macro,recall_macro,f1_macro
PyAnnote,0.8666666666666667,0.6751336898395722,0.65,0.6605781605781605
SpeechBrain,0.4,0.3011363636363636,0.39999999999999997,0.3229166666666667
Simple,0.35,0.4463276836158192,0.35000000000000003,0.20052240305404864
