model,language,n,accuracy,precision_macro,recall_macro,f1_macro,avg_runtime_sec
PyAnnote,ar,30,0.8666666666666667,0.6923076923076923,0.6499999999999999,0.6601157625521604,11.585017784436543
SpeechBrain,ar,30,0.3333333333333333,0.24338624338624337,0.3333333333333333,0.2693831352574986,21.853471620877585
Simple,ar,30,0.3333333333333333,0.1111111111111111,0.3333333333333333,0.16666666666666666,83.4669417222341
PyAnnote,en,30,0.8666666666666667,0.6722222222222223,0.65,0.6605263157894736,12.49923334121704
SpeechBrain,en,30,0.4666666666666667,0.36853002070393376,0.4666666666666666,0.37789661319073087,22.635360217094423
Simple,en,30,0.36666666666666664,0.4482758620689655,0.3666666666666667,0.23154623154623155,115.05973206361135
